name,stars,review,type,lng,lat
Sormoni,5.0,372,"$$ - $$$, Georgian, Vegetarian Friendly, Vegan Options",41.723927,44.739460
Los Crayfish Hermanos,5.0,285,"$$ - $$$, Seafood, Bar, International",41.691204,44.804073
Divino,5.0,263,"$, Wine Bar, Bar, Vegetarian Friendly",41.689281,44.809326
Dadi Wine Bar and Shop,5.0,222,"$, Wine Bar, Bar, European",41.692642,44.802200
8000 Vintages,5.0,220,"$$ - $$$, Bar, Wine Bar, Vegetarian Friendly",41.721359,44.765438
Wine Buffet,5.0,198,"$$ - $$$, Wine Bar, Georgian, Vegetarian Friendly",41.689728,44.808159
RadioCafe,5.0,130,"$$ - $$$, Cafe, European, Georgian",41.699772,44.802052
4 Vkuso,5.0,92,"$, Italian, European, Soups",41.708439,44.793987
Sirajkhana Wine Restaurant,5.0,84,"$$ - $$$, Wine Bar, Georgian, Vegetarian Friendly",41.699528,44.803623
Marto Khinkali,5.0,76,"$$ - $$$, Caucasian, Georgian, Vegetarian Friendly",41.703293,44.803783
Crafted Bar,5.0,68,"$, Brew Pub, Pub",41.704620,44.801235
Cafe Ornament,5.0,67,"$$ - $$$, European, Grill, Soups",41.690037,44.802475
Brasserie Buvette,5.0,67,"$$$$, European, Central European, Vegetarian Friendly",41.697388,44.800175
Wine Bar Sancho,5.0,63,"$$ - $$$, Wine Bar, Vegetarian Friendly",41.706955,44.788788
Beernest,5.0,60,"$$ - $$$, European, Pub, Gastropub",41.687222,44.833992
Chacha Time,5.0,58,"$, European, Eastern European, Georgian",41.691513,44.798447
Vinotel Restaurant,5.0,57,"$$ - $$$, European, Georgian, Vegetarian Friendly",41.698246,44.809612
Aristaeus Ethno Wine Bar,5.0,51,$$ - $$$,41.690517,44.807907
GIN Garden Bar & Kitchen,5.0,49,"$$ - $$$, Bar, International, European",41.708660,44.777634
Kikliko,5.0,47,"$$ - $$$, European, Cafe, Georgian",41.705853,44.769646
SMA Craft BEER Bar,5.0,45,"$, American, Pub, Gastropub",41.689453,44.798546
Bar 100 Roentgen,5.0,45,"$$ - $$$, European, Georgian, Bar",41.706615,44.789211
Turfa,5.0,41,"$$ - $$$, Georgian",41.703339,44.803951
Utskho,5.0,39,"$, Cafe, International, Fusion",41.700264,44.794239
Republic Restaurant,5.0,37,"$$ - $$$, Georgian",41.703533,44.791409
Pin Pon Cafe Bar,5.0,34,"$$ - $$$, Georgian, Bar, European",41.708656,44.774200
Soda Bar,5.0,33,"$$ - $$$, European, Georgian, Italian",41.690964,44.802181
Dinner in the Sky Georgia,5.0,33,"$$$$, European, Fusion, Georgian",41.665958,44.719593
Cafe Tapa,5.0,30,"$, Georgian, Italian",41.704090,44.800339
Otakhi Cafe,5.0,30,"$, Street Food, Cafe",41.697025,44.796413
Wine Store&Bar,5.0,29,$$ - $$$,41.703259,44.803905
Qartuli Time,5.0,28,"$, Georgian, Vegetarian Friendly, Vegan Options",43.984093,44.811386
Chef Saradjeff,5.0,28,"$, Cafe, Wine Bar, Georgian",41.688435,44.815517
Near Opera,5.0,26,"$$ - $$$, Georgian",41.702168,44.796490
Varazi Beer Garden,5.0,26,"$$ - $$$, European, Georgian, Vegetarian Friendly",41.711441,44.780262
Cafe Mziuri,5.0,26,"$$ - $$$, Cafe, European, Eastern European",41.710373,44.768829
The Great Georgian Restaurant,5.0,25,"$$ - $$$, Indian",41.694984,44.802505
Chemi Qartuli Samzareulo,5.0,24,"$$ - $$$, Caucasian, Georgian, Middle Eastern",41.693909,44.797268
Kantora BAR,5.0,23,"$, Mexican, Georgian, Bar",41.691990,44.799393
Piccolo Cafe,5.0,22,"Italian, International, Cafe, Japanese",41.707996,44.782463
Dogtown,5.0,22,"$, International",41.699722,44.795315
Cafe Fardagi,5.0,22,"$, Georgian, Eastern European",41.690399,44.799950
Ensemble Chinese Restaurant,5.0,20,"$$ - $$$, Chinese, Asian, Vegetarian Friendly",41.715477,44.874207
Restaurant Welcome to Zaza Mamaladze,5.0,20,"$$ - $$$, Georgian",41.709454,44.794598
Beirut Cafe Lounge,5.0,19,"$$ - $$$, Lebanese, Bar, Cafe",41.726151,44.767349
Leuvellois,5.0,19,"$$ - $$$, French, Georgian",41.706028,44.788994
Holy Deer bar&brunch,5.0,18,"$, European, Fusion, Bar",41.691273,44.798058
Wine Point,5.0,18,"$$ - $$$, Wine Bar, Georgian",41.695744,44.795963
Decanter,5.0,18,"$$ - $$$, Barbecue, Wine Bar, Georgian",41.703667,44.803005
Chef's Brothers,5.0,17,"$$ - $$$, Pizza, Cafe, Georgian",41.710667,44.755051
ATI Restaurant,5.0,16,"$$ - $$$, Georgian",41.688622,44.823387
Giuaani Wine Room,5.0,16,"$$ - $$$, Cafe, Diner, Wine Bar",41.704544,44.802059
Ramekai,5.0,15,"$, Japanese, Sushi, Asian",41.710976,44.759624
KP Tavern,5.0,15,$,41.696095,44.802841
Hacker-Pschorr on Kazbegi,5.0,15,"$$ - $$$, German, Eastern European, Georgian",41.725491,44.760269
Dzveli Ubani,5.0,14,$$ - $$$,41.685692,44.818542
Qvevri 29,5.0,14,"$$ - $$$, Wine Bar, Georgian",41.689480,44.819618
Sitio,5.0,13,"$, Wine Bar",41.704300,44.787308
Vineria,5.0,12,"$$$$, Georgian, Wine Bar",41.696724,44.803734
La Fondue,5.0,12,"$$ - $$$, French, Vegetarian Friendly",41.706944,44.784462
AnonA Restaurant,5.0,12,"$$ - $$$, Georgian, European, Contemporary",41.708279,44.760998
Magito,5.0,11,"$$ - $$$, European, Georgian",41.683243,44.822849
Chocolaterie Artisan,5.0,11,"$$ - $$$, Cafe",41.707085,44.772476
Degusto,5.0,11,"$, European, Georgian",41.717648,44.777092
Claw & Beer,5.0,11,"$$ - $$$, Bar, Pizza, Seafood",41.689522,44.789368
Lucky Stop,5.0,11,"$$ - $$$, International, European, Grill",41.704742,44.801472
Tsangala's Wine Shop & Bar,5.0,10,"$$ - $$$, Cafe",41.706493,44.802967
Kebab House,5.0,10,"$, Middle Eastern, Persian",41.692501,44.806110
Teamen,5.0,10,"$, European, Georgian",41.691109,44.799679
Sushiroom Didi Digomi,5.0,10,"$$ - $$$, Japanese, Sushi, Asian",41.789822,44.766319
Shumi Wine Bar,5.0,10,"$$ - $$$, Eastern European, Georgian",41.690578,44.808113
Cafe Plov,5.0,10,"$$ - $$$, Bar, Barbecue, Pub",41.755016,44.777843
Fork Restaurant,5.0,9,"$$ - $$$, Italian, European, Ukrainian",41.723663,44.743595
Tubo Bar,5.0,8,"$, Bar, European",41.698006,44.801498
Il Bacio Italiano Resturant and Bar,5.0,8,"$$ - $$$, Italian, Bar, Pizza",41.697613,44.806347
Vepkhi da Mokme,5.0,8,"$$ - $$$, Georgian",41.738102,44.769615
Goya Gastropub,5.0,8,"$$ - $$$, Italian, Indian, Georgian",41.709549,44.784145
Eno,5.0,8,"$$ - $$$, Grill, Eastern European, Georgian",41.692371,44.802166
Aguna,5.0,8,Georgian,41.705978,44.790527
El Centro,5.0,7,null,41.690712,44.808601
TJ Artroom,5.0,7,"$, European, Georgian",41.697460,44.806412
Wine Library,5.0,7,"$$ - $$$, Bar, European, Contemporary",41.708286,44.757946
Books Cafe,5.0,7,Russian,41.706066,44.803345
Delisio,5.0,7,Georgian,41.696609,44.802231
Ramona Neighborhood Cafe,5.0,7,"$, Cafe",41.691154,44.797153
Hookah Home,5.0,7,"$$ - $$$, Bar, European, Pub",41.703587,44.801998
Cafe OM,5.0,6,"$, Fast Food, Asian, Korean",41.709641,44.764942
kveba,5.0,6,"$$ - $$$, Turkish",41.699600,44.701981
Budweiser Budvar,5.0,6,"$$ - $$$, Georgian",41.711880,44.750595
Namu,5.0,6,"$, Healthy, Georgian, Vegetarian Friendly",41.728615,44.735416
Wine Garage,5.0,6,"$$ - $$$, Georgian",41.701450,44.786373
Puenteseco,5.0,6,"$, Seafood, European, Spanish",41.703411,44.805260
Mensa,5.0,6,"$$ - $$$, Italian, Deli",41.710423,44.757690
Candoo Restaurant,5.0,6,"$, European, Middle Eastern, Persian",41.709457,44.753342
Patiosani Katsis Duqani,5.0,6,"$$ - $$$, Georgian",41.992500,44.751152
Dumplings with Jina,5.0,5,$,41.708450,44.774998
Amici Karaoke Bar,5.0,5,"$, Italian, Mediterranean, European",41.690582,44.808361
Backstage76,5.0,5,"$$ - $$$, Brew Pub, Moroccan, Bar",41.708771,44.753075
Sabatoni,5.0,5,"$$ - $$$, European, Georgian",41.732555,44.838852
Domashnyaya Kukhnya,5.0,5,Georgian,41.699703,44.818104
Dom Kofe Janashia,5.0,5,"$$ - $$$, Cafe",41.705936,44.781464
Taverna Vere,5.0,4,"$$$$, Georgian",41.707108,44.785469
Restaurant Magnolia,5.0,4,Eastern European,41.688210,45.022968
Over Bar,5.0,4,"$, German, European, Asian",41.706295,44.789207
Vitamin Corner,5.0,4,$,41.729572,44.767059
Restaurant Lazati,5.0,4,"$$ - $$$, Diner, Wine Bar, Georgian",41.722057,44.769909
Best View Tbilisi,5.0,4,"$$ - $$$, Georgian, European",41.688519,44.807796
XVII • Seventeen,5.0,4,"$$ - $$$, Italian, European",41.717045,44.785206
Brasserie 47,5.0,4,"$$ - $$$, European, Georgian",41.711887,44.747707
Maestro RestoBar,5.0,4,"$$ - $$$, Russian, Georgian, European",41.701645,44.795765
New York Burger Tbilisi,5.0,4,"$, American",41.718079,44.779053
Istoria,5.0,3,"$$ - $$$, Georgian",41.690048,44.797478
IVY Wine & Tapas Bar,5.0,3,"$, European, Diner, Wine Bar",41.692986,44.803299
Oishi Sushi,5.0,3,"$, Japanese, Sushi, Asian",41.708729,44.754189
Pitna,5.0,3,"$$ - $$$, Georgian",41.691254,44.798454
Khvanchkara Winery,5.0,3,"$$ - $$$, Wine Bar, Georgian",41.689999,44.808331
Haldi.co Coffee or Tea,5.0,3,"$, South American, Colombian",41.692978,44.799160
Savoy,5.0,3,"$$$$, European",41.698647,44.805176
Atoneli,5.0,3,"$, Bar, Pub",41.690968,44.799786
Deutsches Bierhaus,5.0,3,"$$ - $$$, Italian, Barbecue, European",41.719078,44.776436
Central Perk Tbilisi,5.0,3,"$, European",41.724670,44.729202
Monkey Yummy,5.0,3,"$, European",41.708809,44.761402
BC Bakery,5.0,3,"$, Italian, French, European",41.708206,44.775585
Aq Shaurma,5.0,3,"$, Lebanese, Mediterranean, Turkish",41.688354,44.870342
Cafe R.T.,5.0,3,"Italian, Pizza, European",41.707249,44.769436
Ke-Gusto,5.0,3,"$, Italian",41.708805,44.766678
Pipinia,5.0,3,"$, European, Georgian",41.689159,44.796364
Cafe Valentina,5.0,2,"$, European, Georgian",41.706844,44.803524
Brasserie Bloom,5.0,2,"$$ - $$$, Georgian",41.697342,44.810738
Saelcho Bar,5.0,2,"$, European, Georgian",41.695656,44.792110
Muhudo,5.0,2,"$, Fast Food",41.703632,44.789646
By Fish Sea Food Restaurant,5.0,2,"$, Seafood, Turkish, Middle Eastern",41.714188,44.793453
HideOut Cafe,5.0,2,"$$ - $$$, European, Georgian",41.694557,44.794090
Billy Burke's Irish Pub,5.0,2,"$, Irish, Pub, Gastropub",41.722481,44.777672
break time,5.0,2,"$$ - $$$, Steakhouse, Soups",41.725552,44.757557
Krab's Burger,5.0,2,"$, Italian, American, Fast Food",41.707150,44.774113
Dose,5.0,2,"$, European",41.691936,44.799953
Cup & Cake,5.0,2,"$, American",41.707329,44.768795
Tiflis Bazar,5.0,1,"$$ - $$$, Georgian, Cafe, Healthy",41.688511,44.810474
Tbilisi Hills Restaurant,5.0,1,"$, European",41.643158,44.863850
Taj Mahal Grand,5.0,1,$,41.708839,44.797733
Art Tea Room,5.0,1,"$$ - $$$, European, Fusion",41.699604,44.795544
Staromestska,5.0,1,"$$ - $$$, European, Czech",41.730900,44.763878
Restaurant Residence,5.0,1,"$$ - $$$, Wine Bar, Georgian",41.672337,44.812717
Viceversa Coffee Academy,5.0,1,"$, Italian",41.720848,44.769356
Irmale's Cafe,5.0,1,"$, European, Georgian",41.707050,44.783459
Restaurant Diara,5.0,1,"$, Italian, American, Caucasian",41.759064,44.768738
Molecule,5.0,1,"$, European, Asian, Georgian",41.700760,44.756817
Agaraki,5.0,1,"$$ - $$$, European, Georgian",41.670742,44.649242
Zaaki Restaurant,5.0,1,Indian,41.718437,44.780659
Cafe Pantagruel,5.0,1,$,41.689777,44.800495
ChiChico,5.0,1,"$, American, Fast Food, Street Food",41.708614,44.780247
Vilnius Bar,5.0,1,"$, Fast Food, International",41.696953,44.801796
Land of Thai,5.0,1,"$, International",41.723900,44.789749
Cafe Orangery,5.0,1,"$$$$, International, European, Georgian",41.694004,44.783031
Als Lounge Bar,5.0,1,"$$$$, Georgian",41.721912,44.765911
Barbarestan,4.5,1387,"$$$$, Wine Bar, Georgian, Vegetarian Friendly",41.715130,44.793114
Organique Josper Grill Bar,4.5,1141,"$$ - $$$, Steakhouse, Barbecue, European",41.690739,44.808075
Sakhli #11,4.5,995,"$$ - $$$, Georgian, Vegetarian Friendly, Vegan Options",41.691429,44.801125
Gabriadze Cafe,4.5,764,"$$ - $$$, Cafe, European, Eastern European",41.695667,44.806515
Old City Wall Restaurant & Wine Bar,4.5,751,"$$ - $$$, Georgian, Barbecue, Wine Bar",41.695862,44.803024
g.Vino Wine Bar,4.5,676,"$$ - $$$, Wine Bar, Gastropub, Vegetarian Friendly",41.692760,44.806862
Cafe Palermo,4.5,604,"$, Georgian, Vegetarian Friendly",41.691380,44.816154
Schuchmann Wine Bar & Restaurant,4.5,604,"$$ - $$$, Contemporary, Fusion, Central European",41.690941,44.807678
Umami Asian Fusion Restaurant,4.5,589,"$$ - $$$, Sushi, Asian, Vegetarian Friendly",41.703846,44.793415
Pavilion : cafe & restaurant,4.5,586,"$$ - $$$, Georgian, Vegetarian Friendly, Vegan Options",41.695053,44.806610
Sormoni Meidan,4.5,516,"$$ - $$$, Wine Bar, Georgian, Barbecue",41.689190,44.809959
Salobie Bia,4.5,489,"$$ - $$$, Georgian, Vegetarian Friendly, Vegan Options",41.690605,44.799992
Filini,4.5,457,"$$ - $$$, Steakhouse, Pizza, Italian",41.703629,44.793839
Restaurant Meama,4.5,438,"$$$$, Georgian, Vegetarian Friendly, Vegan Options",41.689178,44.808479
Duqani,4.5,409,"$$ - $$$, Caucasian, Vegetarian Friendly, Vegan Options",41.701855,44.796032
Georgian House,4.5,408,"$$ - $$$, European, Georgian, Vegetarian Friendly",41.720505,44.785885
Kafe Leila,4.5,383,"$$ - $$$, European, Cafe, Vegetarian Friendly",41.695587,44.806541
Respublika Grill Bar,4.5,374,"$$ - $$$, Bar, Steakhouse, Grill",41.695927,44.796066
Shavi Lomi,4.5,371,"$$ - $$$, Contemporary, Vegetarian Friendly, Vegan Options",41.708607,44.806126
Kakhelebi,4.5,355,"$$ - $$$, Barbecue, Soups, Grill",41.691963,44.980602
MacLaren's Irish Pub,4.5,344,"$$ - $$$, American, Irish, European",41.690540,44.808689
Burger House,4.5,317,"$$ - $$$, American, Bar, European",41.695683,44.802757
Tavern Sabatono,4.5,311,"$$ - $$$, European, Georgian, Vegetarian Friendly",41.702320,44.791981
Orshimo,4.5,307,"$$ - $$$, Wine Bar, Georgian, Vegetarian Friendly",41.692772,44.806717
Iveria Cafe,4.5,306,"$$ - $$$, Cafe, International, European",41.704159,44.791943
Huggo Bar,4.5,280,"$$ - $$$, European, Ukrainian, Georgian",41.692188,44.801094
Cafe Littera,4.5,265,"$$ - $$$, Fusion, Georgian, Vegetarian Friendly",41.690159,44.799458
Cafe-Restaurant Saamo,4.5,213,"$$ - $$$, Bar, European, Eastern European",41.695496,44.816284
Bina N37,4.5,208,"$$ - $$$, Georgian, Eastern European, Vegetarian Friendly",41.733349,44.767258
Kiwi Vegan Cafe,4.5,201,"$, International, Healthy, Middle Eastern",41.691788,44.799999
Culinarium Khasheria,4.5,187,"$$ - $$$, Soups, Eastern European, Georgian",41.688103,44.810608
Azarphesha,4.5,185,"$$ - $$$, European, Wine Bar, Eastern European",41.692551,44.798306
Cheburechnaya N1,4.5,180,"$, Cafe, Vegan Options, Vegetarian Friendly",41.727051,44.768398
Megruli Sakhli,4.5,179,"$$ - $$$, European, Eastern European, Vegetarian Friendly",41.700863,44.801907
Bread&Wine,4.5,176,"$, Georgian, Vegetarian Friendly",41.704441,44.790199
Melograno,4.5,171,"$, Italian, Central European, Georgian",41.697098,44.797409
Canudos Ethnic Bar,4.5,154,"$, Bar, Pub",41.704834,44.791412
The Kitchen Restaurant,4.5,147,"$$ - $$$, European, Vegetarian Friendly, Gluten Free Options",41.705528,44.787163
Nikolozi,4.5,146,"$, Georgian, Vegetarian Friendly",41.693405,44.805901
Old Generation,4.5,143,"$, Cafe, Wine Bar",41.691891,44.812241
SOSA Artisanal Cafe & Bakery,4.5,140,"$, European, Caucasian, Georgian",41.703129,44.805279
Mravaljamieri,4.5,140,"$$ - $$$, Eastern European, Vegetarian Friendly, Vegan Options",41.737087,44.773167
Taverna Guliani,4.5,138,"$, Eastern European, Georgian, Vegetarian Friendly",41.691853,44.807831
Ronny's Pizza,4.5,132,"$$ - $$$, American, Pizza, Fast Food",41.708984,44.764519
Hurma Cafe,4.5,128,"$, European, Vegetarian Friendly, Vegan Options",41.708332,44.782200
Qalaqi,4.5,127,"$$$$, European, Georgian, Vegetarian Friendly",41.709141,44.785431
Beirut Pasha Restaurant Halal,4.5,127,"$, Lebanese, Arabic, Vegetarian Friendly",41.702538,44.798954
9 Mta,4.5,120,"$$ - $$$, American, International, European",41.691704,44.801441
Orangery Restaurant,4.5,120,"$, European, Georgian, Eastern European",41.711483,44.753468
Black Dog Bar,4.5,113,"$, American, Bar, Pub",41.689651,44.798248
Pasanauri Restaurant,4.5,111,"$$ - $$$, European, Georgian, Vegetarian Friendly",41.692413,44.798981
Shatre,4.5,110,"$, Bar, Eastern European, Vegetarian Friendly",41.701942,44.794212
hummusbar,4.5,106,"$$ - $$$, Mediterranean, Middle Eastern, Vegetarian Friendly",41.704639,44.790546
Georgian Craft Wine Delivery,4.5,104,"$$ - $$$, Wine Bar",41.692062,44.806690
Zala Restaurant,4.5,103,"$$ - $$$, Georgian, Vegetarian Friendly, Vegan Options",41.704113,44.785545
Strada on Sandro Euli Street,4.5,100,"$$ - $$$, Cafe, European, Vegetarian Friendly",41.724155,44.716629
Sioni 13,4.5,97,"$$ - $$$, Georgian, Wine Bar, Caucasian",41.690914,44.807411
Cafe Verde,4.5,87,"$$ - $$$, European, Steakhouse, Pizza",41.733189,44.741890
Tavaduri,4.5,86,"$$ - $$$, European, Barbecue, Eastern European",41.721996,44.784706
Veriko,4.5,82,"$$ - $$$, Georgian, Wine Bar, Vegetarian Friendly",41.708309,44.780457
Tiffany Bar and Terrace Tbilisi,4.5,82,"$$ - $$$, Italian, French, International",41.701855,44.799873
Kolkheti,4.5,81,"$$ - $$$, Barbecue, Eastern European, Vegetarian Friendly",41.679066,44.765526
Golden Mug,4.5,81,"$$ - $$$, Bar, Vegetarian Friendly, Vegan Options",41.767147,44.780590
Mepetubani,4.5,80,"$$ - $$$, Bar, Vegetarian Friendly, Vegan Options",41.693672,44.807228
Retro,4.5,76,"$, Cafe, Vegetarian Friendly, Vegan Options",41.721218,44.770424
Cafe le toit,4.5,76,"$$ - $$$, Cafe, International, European",41.693062,44.805248
Easy Wine,4.5,73,"$, Georgian, Wine Bar, Vegetarian Friendly",41.691029,44.808365
Le Cabernet,4.5,72,"$$ - $$$, French, Central European, European",41.691998,44.800003
Nayeb Halal Restaurant,4.5,72,"$, Fast Food, Middle Eastern, Persian",41.692017,44.802132
Sushiroom,4.5,72,"$$ - $$$, Japanese, Seafood, Sushi",41.707191,44.772156
PIPES burger joint,4.5,70,"$$ - $$$, American, Vegetarian Friendly",41.706146,44.789242
Big Daddy's Fish and Chips,4.5,68,"$, American, Seafood, International",41.704929,44.801289
Ovsyanka,4.5,67,"$, American, Bar, European",41.704720,44.785942
Cafe Volver,4.5,65,"$$ - $$$, European, Wine Bar, Vegetarian Friendly",41.689430,44.797215
Tibilisi Sultan Restaurant,4.5,64,"$$ - $$$, Grill, Turkish, Halal",41.713978,44.793056
Bohema,4.5,63,"$$ - $$$, Eastern European, Central European, European",41.687653,44.811146
Varazi Beer House,4.5,62,"$$ - $$$, Italian, French, German",41.711861,44.781044
Dadiani,4.5,60,"$$ - $$$, Caucasian, Contemporary, Georgian",41.720646,44.768303
Mama Terra - Veggie Corner,4.5,58,"$$ - $$$, Mexican, Georgian, Healthy",41.695263,44.795910
Poliphonia,4.5,58,"$$ - $$$, Wine Bar, Georgian, Vegetarian Friendly",41.689766,44.793358
Art-Cafe Home,4.5,57,"$$ - $$$, Bar, European, Vegetarian Friendly",41.689312,44.806435
Ketsi,4.5,54,"$, Georgian, Eastern European",41.691113,44.797451
Alchemy,4.5,54,"$$ - $$$, American, Brew Pub, Pub",41.704487,44.801670
Kharcho,4.5,54,"$$ - $$$, Fusion, Georgian, Eastern European",41.697208,44.800137
Ethno Restaurant Kalanda,4.5,53,"$$ - $$$, European, Israeli, Georgian",41.747478,44.773113
Drunk Owl Bar,4.5,51,"$$ - $$$, Pub, Bar, European",41.688908,44.809994
Vania Cafe & Restaurant,4.5,50,"$, Cafe, Georgian, Wine Bar",41.697521,44.794769
il Garage,4.5,50,"$$ - $$$, Italian, Pizza, Vegetarian Friendly",41.710674,44.754288
Shemomechama,4.5,49,"$, Georgian, Barbecue",41.706345,44.773254
Chateau Mukhrani Wine Bar,4.5,48,"$$ - $$$, Wine Bar, Vegetarian Friendly",41.689579,44.809109
Akhali Gemo,4.5,48,"$$ - $$$, Barbecue, Vegetarian Friendly",41.701698,44.806553
Сhef's Grandma,4.5,46,"$, Georgian, Vegetarian Friendly",41.696014,44.795910
GALA Restaurant and Bar,4.5,45,"$$ - $$$, Contemporary, Wine Bar, Georgian",41.692616,44.801075
Dzin Chao,4.5,44,"$$ - $$$, Chinese, Asian, Vegetarian Friendly",41.713703,44.780037
Alubali,4.5,43,"$$ - $$$, Georgian, Eastern European, Vegetarian Friendly",41.705002,44.790257
2 Tons Varketili,4.5,43,"$$ - $$$, Bar, Barbecue, Pub",41.707581,44.871643
Karabak Turkish Restaurant,4.5,42,"$$ - $$$, Turkish, European, Middle Eastern",41.720573,44.796551
Indian Express Tbilisi,4.5,39,"$$ - $$$, Indian, Vegetarian Friendly, Vegan Options",41.723427,44.728230
Point Terrasse,4.5,39,"$$ - $$$, Bar, Barbecue, Grill",41.692936,44.805111
Gvimra,4.5,39,"$$ - $$$, Georgian, Vegetarian Friendly, Vegan Options",41.694519,44.803200
Khushi Indian Sweets and Restaurant,4.5,39,"$$ - $$$, Indian, Fast Food, Grill",41.720428,44.797054
Mukhatsakatukha,4.5,38,"$$ - $$$, European, International, Vegetarian Friendly",41.706223,44.789459
Cafe Manu,4.5,38,"$$ - $$$, Bar, European, Pub",41.705563,44.786747
Amra Restaurant,4.5,38,"$, Georgian, Caucasian, Vegetarian Friendly",41.723709,44.716679
Rasmussen's,4.5,37,"$, Georgian, European, Vegetarian Friendly",41.689205,44.807285
Badagoni Home,4.5,36,"$$ - $$$, Georgian, Wine Bar, Healthy",41.693527,44.800957
Shemoikhede Genatsvale,4.5,36,"$$ - $$$, Vegetarian Friendly",41.694756,44.802387
Tannin,4.5,36,"$$ - $$$, Eastern European, Georgian, Vegetarian Friendly",41.698837,44.797867
Chveni,4.5,35,"$$ - $$$, European, Georgian",41.705128,44.799824
Kolkhuri Sakhli,4.5,33,"$$ - $$$, Georgian",41.691490,44.811604
RameRume,4.5,32,"$$ - $$$, Grill, Vegetarian Friendly",41.651821,44.739815
Sapore,4.5,32,"$$ - $$$, Turkish, Cafe, Vegan Options",41.710644,44.796513
Marjanishvili 8 Coffee and Dining,4.5,30,"$$ - $$$, Cafe, European, Georgian",41.708851,44.794579
Asian Cuisine Tbilisi,4.5,28,"$, Asian, Thai, Indian",41.695705,44.803135
Botanical Garden Cafe,4.5,27,"$$ - $$$, Cafe, European, Georgian",41.686867,44.808590
Kitchen Home Studio,4.5,27,"$$ - $$$, European, Asian, Georgian",41.692307,44.802170
Cafe Kalasi,4.5,27,"$, Georgian, Cafe, European",41.693344,44.804272
City Roof Terrace Bar,4.5,26,"$$ - $$$, Japanese, Asian, Vietnamese",41.692062,44.801254
Tits and Dragons,4.5,26,"$$ - $$$, Barbecue",41.698769,44.796471
Terrawine,4.5,26,"$$ - $$$, European, Georgian, Eastern European",41.707951,44.786144
Cafe Museum,4.5,25,"$$ - $$$, Italian, French, Cafe",41.699551,44.803703
Strada,4.5,25,"$$ - $$$, American, Pizza, European",41.710770,44.755127
Pepperboy Asian Restaurant,4.5,25,"$$ - $$$, Japanese, Asian, Korean",41.706818,44.783539
Lake Station,4.5,23,"$$ - $$$, Pizza, European, Grill",41.701389,44.754581
Number 8 Bar & Grill,4.5,22,"$, Bar, European, Vegetarian Friendly",41.707275,44.769436
Travellers' Cafe,4.5,22,"$$ - $$$, Cafe, International, Grill",41.690586,44.807735
Tone,4.5,21,"$$ - $$$, European, Wine Bar, Georgian",41.709026,44.802807
The Old Town Restaurant & Garden,4.5,21,"$$ - $$$, European, Georgian, Vegetarian Friendly",41.688679,44.813393
Kohinoor - Indian and Arabic Cuisine,4.5,21,"$, Indian, Arabic",41.692780,44.805641
Mukhambazi,4.5,21,"$$ - $$$, Barbecue, Eastern European, Vegetarian Friendly",41.781921,44.782475
Achechili,4.5,21,"$$ - $$$, Georgian, Bar, Pub",41.690403,44.808605
Hookah Place na Shota Rustaveli,4.5,21,"$, European, Wine Bar, Georgian",41.700512,44.795483
Chashnagiri Leselidze,4.5,20,"$$ - $$$, Georgian, Barbecue, Italian",41.693325,44.804707
Ground 84,4.5,20,"$, Italian, Pizza, Cafe",41.720032,44.775452
Metekhis Chrdili,4.5,20,"$$ - $$$, Eastern European",41.688473,44.821106
Mapshalia,4.5,20,Georgian,41.715500,44.792961
Batona,4.5,19,"$$ - $$$, European, Georgian",41.752197,44.774891
My Dom Restaurant & Bar,4.5,18,"$$ - $$$, Georgian, Pub, Fusion",41.705959,44.803364
Sharbati Restaurant & Wine Cellar,4.5,18,"$$ - $$$, European, Georgian, Vegetarian Friendly",41.785007,44.768921
Mochi,4.5,17,"$$ - $$$, Japanese, Asian, Seafood",41.709648,44.757706
UKVE,4.5,17,"$, Sushi, Asian, Thai",41.709423,44.802563
Restaurant Seoul,4.5,17,"$, Asian, Korean, Healthy",41.729538,44.761269
Asian Cuisine,4.5,16,"$, Indian, Asian, Thai",41.695465,44.803547
Thai Curry,4.5,16,"$, Seafood, Fast Food, Asian",41.702320,44.792152
Sakhelosno BAR,4.5,16,"$, Bar, Pub",41.692604,44.806335
Jazz Cafe Aroma,4.5,16,$$ - $$$,41.690395,44.808708
Woland's Speakeasy,4.5,16,"$$ - $$$, Mexican, American, European",41.692532,44.799866
BreadBar,4.5,16,"$$ - $$$, Cafe, Vegetarian Friendly",41.712212,44.755951
Code de Vino,4.5,16,"$$ - $$$, American, Bar, European",41.691387,44.801304
House on Madatovi,4.5,15,"$$ - $$$, Georgian",41.703499,44.803345
Chef Konstantin Tedeluri,4.5,15,null,41.704483,44.783215
Cafe CHACHA Bar,4.5,15,"$, European, Ukrainian, Cafe",41.695007,44.792156
Wall,4.5,15,"$$ - $$$, Bar, European",41.696259,44.804783
Ziyade Turkish Restaurant & Butcher,4.5,15,"$$ - $$$, Turkish, Uzbek, Georgian",41.711880,44.795765
Taverna Dzveleburi Rachuli,4.5,14,"$, Georgian",41.707081,44.799217
Matreshka Ukrainian Restaurant,4.5,14,"$, Ukrainian, Georgian, Fusion",41.690975,44.808426
Food Palace,4.5,14,"$$ - $$$, Indian, Asian, Pakistani",41.705227,44.800835
WHEELS Irish Pub,4.5,13,"$$ - $$$, International",41.706299,44.789253
Wine Hall,4.5,13,"$, Georgian",41.698856,44.796520
Ambavi,4.5,12,"$, Brew Pub, Bar, Cafe",41.691532,44.801235
Cafe Salon 25th Frame,4.5,12,$$ - $$$,41.705746,44.789928
Pizzeria Alessandro,4.5,12,"$, Italian, Pizza",41.692032,44.798229
Khokhobi,4.5,12,"$$ - $$$, European, Georgian, Cafe",41.689415,44.810883
Keria,4.5,12,$$ - $$$,41.767826,44.780357
MashaAllah Restaurant,4.5,11,"$$ - $$$, Indian, Pakistani, Halal",41.692780,44.805656
REstaurant Tishebi,4.5,10,"$, Eastern European",41.693222,44.803604
"Shemoikhede Genatsvale ""Freedom Square""",4.5,10,"$$ - $$$, Georgian",41.693890,44.802242
Public Bakery,4.5,10,$$ - $$$,41.704987,44.786617
McDonald's,4.5,9,null,41.709389,44.796944
Prego,4.5,9,"$, Italian, Pizza",41.707069,44.776638
Supra Restaurant,4.5,9,"$$ - $$$, Turkish, Arabic",41.713074,44.794567
Intelligentsia,4.5,9,"$, Wine Bar, Caucasian, Georgian",41.701164,44.753761
Radio Bar,4.5,9,"$, Georgian",41.688923,44.810017
Shushabandi,4.5,9,"$$ - $$$, Georgian",41.708565,44.780167
Bernard Abashidze St.,4.5,8,$$ - $$$,41.707867,44.766308
Krombacher,4.5,8,"$$ - $$$, German",41.779446,44.769379
Sushiroom Kavtaradze,4.5,7,"$$ - $$$, Japanese, Sushi, Asian",41.723515,44.738274
Babustan,4.5,7,"$$ - $$$, European, Georgian",41.730606,44.761810
Cafe Velo,4.5,7,"$$ - $$$, French, European",41.704391,44.802116
Wagon BAR,4.5,7,"$$ - $$$, European, Italian, American",41.709389,44.774929
Royal Wine,4.5,7,"$$ - $$$, Wine Bar",41.690018,44.796219
Green Chilli Restaurant,4.5,7,"$, Indian, Chinese",41.770493,44.770027
Jonjoli,4.5,7,Italian,41.690426,44.809071
Decanter Wine & Shop,4.5,7,"$$ - $$$, Bar, Wine Bar",41.700485,44.795437
Le Ponchik,4.5,6,$,41.707581,44.766159
Mendi's  Restaurant,4.5,6,"$$ - $$$, Grill, Israeli, Georgian",41.691025,44.808327
Tbilisi Yacht Club - Restaurant La Cote,4.5,6,"$$ - $$$, European, Central European, Georgian",41.736668,44.854996
Pomegranate,4.5,5,"$$ - $$$, European, Georgian",41.708328,44.752865
Shawarmaster,4.5,5,"$, Fast Food, Vegan Options",41.729767,44.783867
Mr.Cook,4.5,5,$,41.697765,44.796867
Mzesumzira's Cafe,4.5,4,$,41.695644,44.783482
Albaik Algeorgi,4.5,4,"$, American, Georgian, Arabic",41.706844,44.785576
Is Cafe,4.5,4,"$$ - $$$, Mediterranean, Turkish, Georgian",41.688202,44.810539
Poor Richard's Bar,4.5,4,"$$ - $$$, Italian, French, Steakhouse",41.706364,44.789486
Delivac,4.5,4,"$, European, Asian, Grill",41.722775,44.780506
Number 8,4.5,4,"$, European, Eastern European",41.690987,44.808361
Aga's Soul Kitchen,4.5,3,"American, Barbecue, Grill",41.804638,44.780132
Cecilia City Cafe,4.5,3,"$$ - $$$, Georgian",41.709435,44.741966
Black Crow Bar,4.5,3,"$, European",41.694683,44.793934
Pelagoni  Restaurant,4.5,3,"$$ - $$$, European, Georgian",41.766914,44.788868
Cafe Fragola,4.5,3,"$$ - $$$, European, Italian, Asian",41.726177,44.767353
India Palace Restaurant,4.5,3,"$, Indian",41.689953,44.808548
Chilli Pepper,4.5,3,"$$ - $$$, European, Georgian, Arabic",41.704567,44.801640
Gallery,4.5,3,"$$ - $$$, European, Georgian",41.693363,44.797855
Yemeni Restaurant,4.5,3,Arabic,41.711464,44.795471
2Wine,4.5,2,"$$ - $$$, European, Wine Bar, Georgian",41.708424,44.780495
Burger Club,4.5,2,"$, American, European, Fast Food",41.720161,44.777683
Pita Hut,4.5,2,"$, Fast Food, Mediterranean, Greek",41.693401,44.800648
MEMO Coffee,4.5,2,"$, American, European",41.708344,44.760155
Funicular Restaurant Complex,4.0,1672,"$$ - $$$, Georgian, Vegetarian Friendly, Vegan Options",41.694992,44.786808
Samikitno,4.0,1064,"$, Eastern European, Vegetarian Friendly, Vegan Options",41.689899,44.809071
Tsiskvili Group,4.0,1002,"$$ - $$$, European, Georgian, Vegetarian Friendly",41.771252,44.779778
Maspindzelo,4.0,853,"$$ - $$$, Eastern European, Georgian, Vegetarian Friendly",41.688782,44.812889
Pasanauri,4.0,615,"$$ - $$$, Georgian, Vegetarian Friendly",41.702690,44.792080
Purpur,4.0,593,"$$ - $$$, European, Central European, Fusion",41.691071,44.803925
In The Shadow Of Metekhi,4.0,588,"$$ - $$$, Eastern European, Vegetarian Friendly, Vegan Options",41.688503,44.821144
Bread House Georgian Restaurant,4.0,566,"$$ - $$$, Eastern European, Georgian, Vegetarian Friendly",41.688808,44.812271
Racha Dukhan,4.0,458,"$, Georgian, Vegetarian Friendly",41.691231,44.802223
Dinehall,4.0,408,"$$$$, Georgian, Vegetarian Friendly, Vegan Options",41.700981,44.795410
Keto and Kote,4.0,372,"$$ - $$$, Eastern European, Vegetarian Friendly, Vegan Options",41.704929,44.788601
Cafe Restaurant Kala,4.0,371,"$$ - $$$, European, Bar, Cafe",41.692204,44.806740
Khinkali House Iveroni,4.0,347,"$, Bar, Barbecue, European",41.703175,44.791870
Taglaura,4.0,331,"$$ - $$$, Eastern European, Vegetarian Friendly, Vegan Options",41.723724,44.780857
Pirosmani,4.0,322,"$, European, Georgian, Barbecue",41.693233,44.803112
Lagidze Water,4.0,310,"$, Cafe, Fast Food, Vegan Options",41.697792,44.814354
Hard Rock Cafe,4.0,297,"$$ - $$$, Steakhouse, American, Cafe",41.708504,44.780422
Lolita,4.0,292,"$$ - $$$, Bar, European, Vegetarian Friendly",41.705750,44.787022
Sakhachapure N1,4.0,250,"$$ - $$$, Eastern European, Georgian, Vegetarian Friendly",41.696613,44.799828
Pastorali,4.0,239,"$$ - $$$, Eastern European, Vegetarian Friendly, Vegan Options",41.692509,44.806793
Chashnagiri,4.0,237,"$$ - $$$, Seafood, Fast Food, Eastern European",41.738701,44.772648
Shkhara,4.0,219,"$, Eastern European, Vegetarian Friendly, Vegan Options",41.701965,44.794189
Restaurant Kopala,4.0,208,"$$ - $$$, European, Vegetarian Friendly",41.690826,44.812309
Tabla Saloon,4.0,207,"$$ - $$$, Eastern European, Georgian, Vegetarian Friendly",41.710171,44.764423
Ezo,4.0,205,"$$ - $$$, Eastern European, Georgian, Vegan Options",41.689835,44.798828
Restaurant Gorgasali,4.0,191,"$$ - $$$, European, Georgian, Vegetarian Friendly",41.687622,44.810875
Marco Polo,4.0,178,"$$ - $$$, Bar, Cafe, European",41.702888,44.793015
The Hangar,4.0,155,"$$ - $$$, Bar, European, British",41.695679,44.806522
Phaetoni,4.0,153,"$$ - $$$, Vegetarian Friendly",41.773228,44.780464
Taj Mahal Restaurant,4.0,153,"$$ - $$$, Indian, Asian, Pakistani",41.689671,44.808064
Vino Underground,4.0,152,"$$ - $$$, Wine Bar",41.690971,44.801380
Cafe Stamba,4.0,151,"$, International, Fusion, Georgian",41.705547,44.788170
Marani Restaurant & Bar,4.0,149,"$$ - $$$, Seafood, European, Asian",41.688129,44.811516
Tifliso,4.0,148,"$$ - $$$, Eastern European, European, Vegetarian Friendly",41.690277,44.808781
Baan Thai cuisine,4.0,147,"$$ - $$$, Asian, Thai, Vegetarian Friendly",41.702450,44.795868
Tiflis Veranda Restaurant,4.0,144,"$$ - $$$, International, European, Vegetarian Friendly",41.688488,44.811428
Jazz Cafe Singer,4.0,142,"$$ - $$$, Bar, European, Eastern European",41.690742,44.807598
Tartine Brasserie,4.0,136,"$$ - $$$, French, Cafe, European",41.689495,44.809200
Sofia Melnikova's Fantastic Douqan,4.0,130,"$$ - $$$, European, Eastern European, Vegetarian Friendly",41.699722,44.799000
Old Metekhi Restaurant,4.0,127,"$$ - $$$, European, International, Vegetarian Friendly",41.689926,44.812778
Restaurant Georgian,4.0,126,"$$ - $$$, Georgian, Vegetarian Friendly, Vegan Options",41.690514,44.806923
Shemoikhede Genatsvale,4.0,125,"$$ - $$$, Georgian, Vegetarian Friendly, Vegan Options",41.707817,44.793785
Cafe Linville,4.0,123,"$$ - $$$, Cafe, Eastern European, Central European",41.693184,44.803162
Khinkali House in Avlabari,4.0,120,"$$ - $$$, Cafe, Greek, Russian",41.693718,44.814804
Moulin Electrique,4.0,118,"$$ - $$$, Bar, Cafe, European",41.692631,44.806435
11 Katkha Konka,4.0,116,"$$ - $$$, Vegetarian Friendly, Vegan Options",41.696548,44.805061
Sanjha Chulha,4.0,116,"$$ - $$$, Indian, Asian, Vegetarian Friendly",41.713131,44.794693
Bloom Cafe,4.0,114,"$$ - $$$, European, Eastern European, Vegetarian Friendly",41.692543,44.806767
Entree Artisan Bakery,4.0,111,"$$ - $$$, French, Georgian, Cafe",41.690468,44.807514
Cafe Accent,4.0,111,"$$ - $$$, Cafe, Georgian, European",41.689503,44.808685
Stella Artois beer restaurant,4.0,98,"$$ - $$$, Eastern European, Bar",41.690578,44.809246
Tiflis Meidani,4.0,94,"$$ - $$$, Georgian, Wine Bar, Vegetarian Friendly",41.690399,44.809238
144 Stairs Cafe,4.0,94,"$$ - $$$, Bar, Cafe, European",41.688526,44.807514
Buddha-Bar Tbilisi,4.0,93,"$$ - $$$, Asian, Mediterranean, Sushi",41.692707,44.808701
Zazanova,4.0,89,"$$ - $$$, European, Bar, Vegetarian Friendly",41.701550,44.795837
Bernard,4.0,89,"$$ - $$$, Brew Pub, Bar, Vegetarian Friendly",41.730568,44.769764
Pasanauri Leonidze,4.0,85,"$$ - $$$, Georgian, Vegetarian Friendly",41.692413,44.798950
Strada,4.0,85,"$$ - $$$, Pizza, European, American",41.708153,44.794472
Corner by the river,4.0,76,"$$ - $$$, Cafe, International, European",41.701389,44.804123
Amo Rame Art Cafe,4.0,73,"$$ - $$$, European, Vegetarian Friendly, Vegan Options",41.692627,44.798286
Retro Cafe,4.0,72,"$$ - $$$, European, Bar, Cafe",41.690258,44.808964
Batoni,4.0,68,"$$ - $$$, European, Wine Bar, Georgian",41.692513,44.806671
Warsteiner Bier Restaurant,4.0,64,"$$ - $$$, German, Barbecue, European",41.721943,44.768818
Bar Warszawa,4.0,62,"$, Bar, Pub",41.694923,44.802197
Legvi Cafe,4.0,61,"$$ - $$$, Georgian, Cafe, Vegetarian Friendly",41.687031,44.809254
Wine Garden,4.0,57,"$$ - $$$, European, Georgian, Eastern European",41.708370,44.799324
Taste Of India,4.0,55,"$$ - $$$, Indian, Asian, Vegetarian Friendly",41.730831,44.764938
Citadel Narikala,4.0,55,"$$ - $$$, Georgian, European, Vegetarian Friendly",41.688686,44.809189
Narikala Hill,4.0,54,"$$ - $$$, Georgian, European",41.688667,44.809509
Tuk Tuk,4.0,53,"$, Asian, Thai, Vegetarian Friendly",41.691448,44.799850
METIS - Cafe Bar Restaurant,4.0,53,"$$ - $$$, French, Fusion, Georgian",41.694897,44.806534
Folk Garden,4.0,53,"$$ - $$$, European, Vegetarian Friendly, Vegan Options",41.707317,44.798672
Parnas Cafe Lounge & Restaurant Marriott Hotel,4.0,52,"$$ - $$$, French, Cafe, Pub",41.698963,44.798241
Dzveli Metekhi,4.0,50,"$$ - $$$, European",41.688568,44.821117
Amira Restaurant,4.0,47,"$$ - $$$, Lebanese, Mediterranean, Middle Eastern",41.710716,44.754936
Burger Bar,4.0,42,"$$ - $$$, American, Bar",41.708176,44.769730
Begheli,4.0,41,"$$ - $$$, Barbecue, Vegetarian Friendly",41.714298,44.745438
Cafe Modi,4.0,38,"$$ - $$$, Eastern European, Georgian",41.703621,44.802879
Wendy's,4.0,37,"$, Fast Food",41.717499,44.777500
PIPES burger joint,4.0,36,"$$ - $$$, American, Vegetarian Friendly",41.706223,44.789158
Terrace,4.0,36,"$$ - $$$, Mediterranean, European, Vegetarian Friendly",41.740417,44.778774
Cafe AnatoliA,4.0,35,"$, European, Turkish, Caucasian",41.700680,44.795757
Bollywood Masala Indian Restaurant,4.0,35,"$$ - $$$, Indian, Asian, Vegetarian Friendly",41.688293,44.816982
Terrace N21,4.0,31,"$$ - $$$, Georgian",41.688755,44.810345
Stella Artois Restaurant,4.0,29,"$$ - $$$, European, Grill, Healthy",41.692387,44.801090
Shemoikhede Genatsvale,4.0,29,"$$ - $$$, Pub",41.731441,44.767597
restaurant steakhouse#1,4.0,27,"$$ - $$$, Steakhouse, International, European",41.707874,44.764164
Oxygen Bar,4.0,25,"$$ - $$$, International, Bar, Pub",41.703842,44.793331
Keep Calm Tbilisi Bar,4.0,24,"$$ - $$$, European, Georgian, Vegetarian Friendly",41.691471,44.802040
Klike's Khinkali,4.0,22,"$, Georgian",41.695381,44.795822
Silvio D'italia Tbilisi,4.0,22,"$$ - $$$, Italian, French, European",41.694759,44.800335
Pushkin 10,4.0,22,"$$ - $$$, Pizza, Italian, Cafe",41.696060,44.802849
Chops By The River,4.0,22,"$$ - $$$, Steakhouse, Seafood, Sushi",41.681297,44.692913
Pizzeria Localino,4.0,21,"$$ - $$$, Italian, Pizza, Vegetarian Friendly",41.708057,44.775089
Hacker-Pschorr,4.0,21,"$$ - $$$, Grill, Bar, European",41.712929,44.749187
Ilouri Restaurant,4.0,20,"$$ - $$$, Georgian, Vegetarian Friendly",41.679993,44.870049
Czech Beer House,4.0,20,"$$ - $$$, Brew Pub, Barbecue, Pub",41.726284,44.753925
Red Cafe,4.0,19,"$$ - $$$, Cafe, European, Vegetarian Friendly",41.692562,44.800678
mandarini,4.0,18,"$$ - $$$, Cafe, European, Vegetarian Friendly",41.726944,44.773235
INNOVA Cafe&More,4.0,18,"$$ - $$$, Italian, Cafe, European",41.711189,44.753407
Tbilisi Hilltop,4.0,17,"$$ - $$$, Street Food, Georgian, European",41.688736,44.807415
Dzveli Qalaqi,4.0,17,"$$ - $$$, European, Georgian, Eastern European",41.754086,44.778084
Buffalo Bills,4.0,16,"$$ - $$$, Bar, Pub, American",41.706257,44.789364
Taglaura,4.0,16,"$, French, Vegetarian Friendly",41.676716,44.834805
Taj Mahal Restaurant,4.0,16,"$$ - $$$, Indian, Pakistani",41.693256,44.804180
Casapa Bar,4.0,16,$$ - $$$,41.690277,44.808643
Chacha Room,4.0,16,"$, Georgian, American, European",41.696041,44.802475
Tabidze 1 Coffee and Dining,4.0,15,"$$ - $$$, European, Georgian, Cafe",41.692719,44.800983
Chemo Kargo,4.0,15,"$$ - $$$, Georgian, Pizza, Vegetarian Friendly",41.735638,44.796055
Babilo Music Hall,4.0,14,"$$$$, European, Vegetarian Friendly",41.761528,44.779968
Ci Gusta!,4.0,14,"$$ - $$$, Cafe, Italian, Vegetarian Friendly",41.709423,44.774914
ACID Bar,4.0,14,"$$ - $$$, European, Bar, Pub",41.692383,44.798874
Restaurant & PUB Avalon,4.0,14,"$$ - $$$, European, Georgian",41.752148,44.774868
Tashre,4.0,13,"$$ - $$$, Georgian",41.775227,44.780712
Tutarchela,4.0,13,"$$ - $$$, Georgian",41.709133,44.753193
Pad Thai,4.0,13,"$, Asian, Thai",41.704590,44.801228
Cafe 38,4.0,13,"$, European, Caucasian",41.689297,44.807858
Wasabi,4.0,13,"$$ - $$$, Japanese, Asian, Sushi",41.708244,44.758717
Restaurant Tbilisuri,4.0,12,"$$ - $$$, Georgian",41.687698,44.833576
Helium Resto Bar and Sushi Lounge,4.0,10,"$, European, Georgian, Sushi",41.761658,44.774136
Just Tiflisi Restaurant,4.0,10,"$$ - $$$, Persian, Georgian",41.698780,44.805328
Laguna Cafe,4.0,9,"$$ - $$$, Georgian",41.721310,44.764900
Black Lion Hub,4.0,9,"$$ - $$$, Georgian",41.726208,44.763725
Tivi,4.0,8,"$$ - $$$, Bar, Pub, Wine Bar",41.691830,44.809254
Mtsvadiauri,4.0,7,"$$ - $$$, Georgian",41.770382,44.779484
Csaba's Jazz-Rock Cafe,4.0,6,null,41.706112,44.788876
Traveler's Bar,4.0,6,"$, Bar, Pub",41.693039,44.799080
cabinet bar,4.0,5,"$, Pizza, Diner, Soups",41.701561,44.795918
Fruit Factory,4.0,5,"$$ - $$$, American",41.704800,44.801197
MV Lounge,4.0,5,"$$ - $$$, European, Georgian",41.690269,44.808926
Royal Food,4.0,5,"$, Indian, Georgian, Arabic",41.687328,44.825527
Wendy's,4.0,4,Fast Food,41.717499,44.777500
Soulmate Coffee Cafe & Bakery,4.0,4,$,41.725872,44.751202
Paemani Veraze/Date on Vera,4.0,4,"$$ - $$$, European, Georgian",41.708431,44.777023
Chaikhana,4.0,4,"$$ - $$$, Eastern European, Uzbek, Georgian",41.705933,44.787228
China Wok,4.0,4,"$, Chinese, Asian, Healthy",41.694405,44.799793
Restaurant  Magaro,4.0,4,Georgian,41.687344,44.877541
Accent Bar,4.0,4,"$, European",41.696213,44.804672
Restaurant Gemriela,4.0,3,"$$$$, Georgian",41.693199,44.815186
KFC,4.0,3,"$, American",41.694233,44.800220
Pizzeria Piccolo,4.0,2,null,41.705132,44.791534
Il Caffe Ambrosiano,4.0,2,"$$ - $$$, Italian",41.770638,44.774666
Nitro The Pub And Family Lounge,4.0,1,"$$ - $$$, Chinese, Indian, European",41.731014,44.764271
WineLab,4.0,1,Wine Bar,41.692177,44.802265
Berliner,4.0,1,"$$ - $$$, German, European, Eastern European",41.701977,44.797886
Family Food Restaurant,4.0,1,"$$ - $$$, Chinese, Indian, Georgian",41.687088,44.841621
Machakhela,3.5,584,"$, Eastern European, Vegetarian Friendly, Vegan Options",41.689880,44.809025
Zakhar Zakharich,3.5,531,"$$ - $$$, Eastern European, Vegetarian Friendly",41.700375,44.802940
Samikitno-Machakhela on Freedom Square,3.5,362,"$$ - $$$, Eastern European, Vegetarian Friendly",41.693703,44.801952
Machakhela,3.5,348,"$, Vegetarian Friendly, Vegan Options",41.710426,44.796707
Khinkali House,3.5,337,"$, Georgian, International, Vegetarian Friendly",41.703770,44.790821
Veliaminov,3.5,326,"$, Vegetarian Friendly",41.692467,44.801975
Restorani Alani,3.5,276,"$, Bar, Eastern European, Vegetarian Friendly",41.689850,44.809296
Cafe Flowers,3.5,170,"$$ - $$$, Cafe, European, Eastern European",41.692783,44.811462
Friends House  Bar & Restaurant,3.5,165,"$$ - $$$, European, Eastern European, Bar",41.692253,44.806782
Seidabadi,3.5,136,"$$ - $$$, Armenian, Georgian, Azerbaijani",41.689949,44.809372
Bernard Tabidze St.,3.5,129,"$$ - $$$, Georgian, Vegetarian Friendly, Vegan Options",41.692120,44.801289
Paul Bakery,3.5,120,"$$ - $$$, French, Cafe, European",41.692547,44.801189
Kgb,3.5,115,"$$ - $$$, Bar, European, Eastern European",41.692204,44.806728
Maharajah Restaurant,3.5,106,"$$ - $$$, Middle Eastern, Indian, Arabic",41.707054,44.788582
Cafe Art-Mone,3.5,94,"$$ - $$$, European, Vegetarian Friendly",41.689842,44.808796
Art Cafe Tiflis Brunch,3.5,85,"$$ - $$$, European, Georgian, Vegetarian Friendly",41.693058,44.802540
Hofbrauhaus,3.5,72,"$$ - $$$, Barbecue, European, German",41.726410,44.756687
Pomodorissimo,3.5,63,"$$ - $$$, Italian, Pizza, European",41.710224,44.763882
Benjamen Restaurant,3.5,58,"$, Grill, Georgian, Caucasian",41.690083,44.813152
Ankara,3.5,55,"$$ - $$$, Turkish, Middle Eastern, Halal",41.712997,44.794907
Spice Garden Restaurant,3.5,54,"$$ - $$$, Middle Eastern, Indian, Arabic",41.713802,44.794407
Taj Mahal Restaurant,3.5,54,"$$ - $$$, Indian, Barbecue, Asian",41.693333,44.803890
Aqua Pub,3.5,50,"$$ - $$$, Bar, Pub, Middle Eastern",41.693497,44.804321
Downtown Tbilisi,3.5,45,"$$ - $$$, Italian, Asian, Georgian",41.708244,44.794319
Pizza di Roma Tbilisi,3.5,44,"$$ - $$$, Italian, Pizza, Georgian",41.716400,44.792622
Ortachala Restaurant,3.5,42,"$$ - $$$, Vegetarian Friendly",41.682148,44.826641
Xeme Bar,3.5,41,"$$ - $$$, International, Japanese, European",41.702442,44.794685
Gruzbek - uzbek restaurant,3.5,41,"$$ - $$$, Asian",41.693668,44.807167
Samikitno,3.5,36,$$ - $$$,41.690441,44.808517
Samikitno,3.5,33,"$$ - $$$, Vegetarian Friendly",41.689857,44.809189
Spice Lounge Restaurant,3.5,33,"$$ - $$$, Indian, Arabic, Asian",41.702026,44.793736
Sher E Punjab,3.5,32,"$$ - $$$, Indian, Vegetarian Friendly, Vegan Options",41.705517,44.790295
Vazi,3.5,27,"$$ - $$$, Eastern European, Russian",41.696644,44.804901
Sake Sushi Bar,3.5,24,"$$ - $$$, Japanese, Sushi, Asian",41.699196,44.797401
Samikitno Georgian Cuisine,3.5,21,"$$ - $$$, Georgian",41.693745,44.802372
Restaurant Tiflis86,3.5,21,$$ - $$$,41.693729,44.805843
Restaurant ''ASTORIA'',3.5,19,"$$ - $$$, International, Vegetarian Friendly",41.676453,44.838928
Chaikhana Bazar - Chillout Cafe Tbilisi,3.5,18,"$$ - $$$, Turkish, Eastern European, Armenian",41.695000,44.799862
Pasanuri,3.5,18,"$$ - $$$, European, Grill, Diner",41.689690,44.810059
Restaurant Erdinger,3.5,16,$$ - $$$,41.721539,44.764645
Cafe Theatre,3.5,15,"$$ - $$$, European, Georgian",41.689327,44.809296
Art Hotel & Lounge Claude Monet,3.5,14,"$$ - $$$, Central Asian, Caucasian, European",41.722630,44.770069
New Asia,3.5,14,"$$ - $$$, Chinese",41.721882,44.770420
Weihenstephan Restaurant,3.5,13,"$$ - $$$, Dutch, Cafe, Central European",41.725498,44.753807
Pub Talaveri,3.5,12,"$$ - $$$, Georgian",41.690693,44.813774
Mais Bar & Restaurant,3.5,12,"$, European, Georgian",41.708954,44.777584
PiNzeria by Bontempi,3.5,11,"$$ - $$$, Italian, Georgian, European",41.708660,44.780773
Travel Bar,3.5,11,"$, Eastern European, Caucasian, Georgian",41.704411,44.801975
Restaurant Ambassadori,3.5,10,$$ - $$$,41.696053,44.806664
Four Seasons,3.5,9,Cafe,41.724152,44.769966
Mozaiko,3.5,8,"$$$$, Japanese, European, Asian",41.696114,44.806725
Guinness Pub & Restaurant,3.5,8,"$$ - $$$, Italian, Georgian, European",41.708099,44.786163
Art House Tbilisi C,3.5,7,"$$ - $$$, European, Georgian",41.693233,44.810326
L.T.D Galleria Italiana,3.5,6,"$$ - $$$, Italian, European, Spanish",41.708160,44.794453
Terrassa Geo,3.5,6,"$$ - $$$, European, Georgian",41.692345,44.800995
Sicilia,3.5,4,null,41.704647,44.801472
Peaky Blinders,3.5,4,"Bar, Pub",41.690590,44.807777
Beer Factory - Chemo Kargo,3.5,4,"Pizza, European, Pub, Georgian",41.759487,44.780411
Foodrockers,3.5,3,"$, Brew Pub, Cafe, Pub",41.690983,44.806229
Sushi Holic,3.5,3,Sushi,41.778500,44.736107
Restaurant Tiflis,3.5,3,$$ - $$$,41.730808,44.763634
San Marco,3.5,2,"$$ - $$$, Italian",41.708549,44.768684
Stelzen Haus,3.0,269,"$$ - $$$, German, European, Bar",41.691959,44.806797
Assa Hall,3.0,126,$$ - $$$,41.690258,44.809345
Cafe Canape,3.0,93,"$$ - $$$, European, Cafe, Vegetarian Friendly",41.688515,44.810581
People's Cafe & Restaurant,3.0,81,"$$ - $$$, Cafe, Central European, Bar",41.691750,44.801342
BCN Hispania,3.0,81,"$$ - $$$, European, Spanish",41.689743,44.809151
Prego,3.0,73,"$$ - $$$, Italian, European, Pizza",41.708347,44.793663
The Famous Tbilisi Cafe,3.0,51,"$$ - $$$, Caucasian, Georgian, Vegetarian Friendly",41.689224,44.807186
Dunkin' Donuts,3.0,49,"$, American, Georgian, Cafe",41.709198,44.769924
Gas Cafe - Restaurant,3.0,46,"$$ - $$$, Grill, American, Bar",41.709126,44.797466
Keti's Bistro,3.0,38,"$$ - $$$, European",41.705811,44.787102
Terrace 360 Tbilisi,3.0,30,$$ - $$$,41.690193,44.808792
La-La Land Bar & Restaurant,3.0,30,$,41.690212,44.813297
Old Keria Restaurant,3.0,26,"$$ - $$$, Georgian",41.691330,44.802139
1001 Nights Restaurant,3.0,14,"$$ - $$$, Persian, Middle Eastern, Georgian",41.693108,44.802902
Dublin Pub Tbilisi,3.0,13,"$$ - $$$, European, Bar, Pub",41.705276,44.790432
Dunkin' Donuts,3.0,13,"$, Cafe",41.693748,44.801628
Shio Ramen,3.0,12,"$$ - $$$, Asian",41.709415,44.802834
Kero Restaurant,3.0,12,"$$ - $$$, European, Caucasian, Georgian",41.690262,44.806107
De Paris,3.0,9,"$$ - $$$, French",41.690300,44.808849
Illy Caffe,3.0,9,null,41.694569,44.800308
Karaoke Vinyl Tbilisi,3.0,6,"$$$$, European, Central European, Georgian",41.690544,44.809105
Tiflis at Napareuli,3.0,4,"$$ - $$$, European, Georgian",41.708477,44.777050
Coffeesta,3.0,3,"American, Cafe, European, Healthy",41.694725,44.800144
Kumo,3.0,2,"$$ - $$$, Japanese, Bar, Sushi",41.707779,44.764874
Caffe-Restaurant Lautrec,3.0,1,"$$ - $$$, European, Georgian",41.707241,44.783916
Chargali Restaurant,3.0,1,European,41.773712,44.803631
Ananuri,2.5,40,"$$ - $$$, Georgian",41.702011,44.794151
Prego,2.5,24,"$, Italian, Pizza",41.692425,44.806644
Blackberry Restaurant,2.5,23,$$ - $$$,41.690308,44.808720
Restaurant Kidobani,2.5,23,"$$ - $$$, European, Georgian",41.715900,44.793056
Bangkok,2.5,3,"$, Japanese, Sushi, Asian",41.724216,44.759487
Halalinn Restaurant,2.5,3,Halal,41.691078,44.816891
Metekhi,1.5,46,"$$ - $$$, Georgian, European",41.689877,44.809361
BlackBull Pub,1.0,3,"$, Italian, Mexican, Japanese",41.704769,44.801575
PilPili,1.0,2,"$$ - $$$, Georgian",41.711990,44.750492
Sushi Hut,0,0,$,41.694576,44.800259
Tamashobana,0,0,"$, European, Georgian",41.705780,44.789978
Karam Lebnen,0,0,"$, Lebanese, Mediterranean",41.698647,44.796818
Fortune Palace,0,0,$$ - $$$,41.772106,44.768135
TUTA Fruit Bar,0,0,"$, Cafe, International",41.722710,44.720146
Shtabi 16,0,0,"$, Bar, Pub",41.703491,44.802711
Arkashi Cafe,0,0,null,41.704685,44.801205
Saero - Wine Cellar,0,0,"$$ - $$$, Wine Bar, Georgian",41.711967,44.795837
AviatO2r Oxygen Bar,0,0,"$, European",41.708057,44.763405
Agmashenebelis Kari,0,0,"$$ - $$$, Wine Bar",41.706589,44.801479
Saina Cake,0,0,$,41.725861,44.759541
Bernard Sushi,0,0,"$$ - $$$, Japanese, Beer restaurants",41.691795,44.801136
Sulguni Cafe,0,0,"$, Georgian",41.694328,44.806152
Shandiz Restaurant,0,0,"$, Middle Eastern, Persian",41.695049,44.807247
Don Chicho,0,0,"$, Fast Food, European, Asian",41.724728,44.735104
Hobnob Bar and Restaurant,0,0,"$, American, Georgian",41.705395,44.790298
Han SofrasI,0,0,Turkish,41.680027,44.854122
Cafesito,0,0,"$, European, Georgian",41.701138,44.804558
Chventan,0,0,$,41.695057,44.802544
Celebration Palace of Rituals,0,0,"Japanese, European, Fusion",41.685070,44.827888
Tardis,0,0,"$$ - $$$, American",41.706608,44.789021
Dejavu Club,0,0,"$$ - $$$, European, Georgian",41.707947,44.785725
Cafe Daphna,0,0,"$$ - $$$, Georgian",41.700619,44.796711
Hobnob Bar and Restaurant,0,0,"$, American, Georgian",41.705395,44.790298
Cactus,0,0,"$, European",41.693058,44.804859
Zambara,0,0,"$, Mexican, European",41.700962,44.797638
Funtusha,0,0,"$, Georgian",41.789185,44.812603
Limoni,0,0,"$, European, Asian, Georgian",41.690220,44.813503
Shandiz Restaurant,0,0,"$, Middle Eastern, Persian, Arabic",41.712429,44.795414
Pal's Cafe,0,0,"$, Bar, Cafe, Barbecue",41.720757,44.777397
New Taste,0,0,"$, Georgian",41.692417,44.799931
Sushi Hut,0,0,Sushi,41.694576,44.800259
Keria Rustaveli,0,0,"$, Georgian",41.702789,44.791878
Kebab House,0,0,"$$ - $$$, Indian, Cafe, Russian",41.793423,44.816044
Meisterbrau,0,0,"$$ - $$$, Wine Bar, Georgian",41.812214,44.780754
Le-Felle,0,0,"$, Lebanese, Fast Food, Mediterranean",41.709667,44.769482
Uzbechka,0,0,"$$ - $$$, Asian, Uzbek, Caucasian",41.755009,44.777870
Rio,0,0,"$, Italian, American, Bar",41.705410,44.800617
Doors,0,0,"$$ - $$$, European, Georgian",41.721432,44.765427
Zero Effect,0,0,"$, International, Healthy, Georgian",41.705730,44.781422
Espresso Cafe & Shop,0,0,"$, Italian, Pizza, Cafe",41.792538,44.813232
Keria Chavchavadze,0,0,"$, Georgian",41.709476,44.767258
pizzaspectra,0,0,"$, Pizza, Mediterranean, European",41.727280,44.759254
Pad  Thai Restaurant Tbilisi,0,0,"$, Asian, Thai",41.692226,44.799686
HOOKAH Baza,0,0,null,41.689220,44.807304
Pota Pota,0,0,"$, Turkish, Georgian",41.727264,44.758972
Fire BBQ,0,0,"$$ - $$$, American, European, British",41.707115,44.772572
Old Town,0,0,$$ - $$$,41.754044,44.778038
India Gate,0,0,"$, Indian",41.726040,44.761620
Castro's Gastro,0,0,"$, Mexican, Caribbean, Fusion",41.716877,44.791416
Stockholm,0,0,"$, European, Georgian",41.725693,44.761379
Wine Cellar Old Piano,0,0,"$$ - $$$, Georgian",41.703583,44.802937
Aq Zis Tfilisi,0,0,"$, Italian, European, Russian",41.695992,44.802380
Food Point,0,0,"$, Italian, European, Asian",41.707333,44.773312
Angora,0,0,"$, European, Georgian",41.706657,44.785652
Keria Tamarashvili,0,0,"$, Georgian",41.722950,44.745239
Greek Point,0,0,"$, Greek, Fast Food, Grill",41.707214,44.792225
